<?xml version="1.0" encoding="UTF-8"?>
<project-private xmlns="http://www.netbeans.org/ns/project-private/1">
    <editor-bookmarks xmlns="http://www.netbeans.org/ns/editor-bookmarks/2" lastBookmarkId="0"/>
    <open-files xmlns="http://www.netbeans.org/ns/projectui-open-files/2">
        <group>
            <file>file:/C:/OneDrive%20-%20Educantabria/DAM-1/Reto%20Navidad/Programación/Reto_Rock_Paper_Sccisors/src/minijuego1/main.java</file>
            <file>file:/C:/OneDrive%20-%20Educantabria/DAM-1/Reto%20Navidad/Programación/Reto_Rock_Paper_Sccisors/src/minijuego1/Manos.java</file>
        </group>
    </open-files>
</project-private>
