<?xml version="1.0" encoding="UTF-8"?>
<project-private xmlns="http://www.netbeans.org/ns/project-private/1">
    <editor-bookmarks xmlns="http://www.netbeans.org/ns/editor-bookmarks/2" lastBookmarkId="0"/>
    <open-files xmlns="http://www.netbeans.org/ns/projectui-open-files/2">
        <group>
            <file>file:/C:/OneDrive%20-%20Educantabria/DAM-1/PROGRAMACION/EVALUACION-2/TEMA-5/Tarea5/Tarea5/src/tarea5/Principal.java</file>
            <file>file:/C:/OneDrive%20-%20Educantabria/DAM-1/PROGRAMACION/EVALUACION-2/TEMA-5/Tarea5/Tarea5/src/tarea5/Contacto.java</file>
        </group>
    </open-files>
</project-private>
