<?xml version="1.0" encoding="UTF-8"?>
<project-private xmlns="http://www.netbeans.org/ns/project-private/1">
    <editor-bookmarks xmlns="http://www.netbeans.org/ns/editor-bookmarks/2" lastBookmarkId="0"/>
    <open-files xmlns="http://www.netbeans.org/ns/projectui-open-files/2">
        <group>
            <file>file:/C:/OneDrive%20-%20Educantabria/DAM-1/PROGRAMACION/EVALUACION-2/TEMA-4/Tarea4/Tarea4/src/Tarea4/main.java</file>
            <file>file:/C:/OneDrive%20-%20Educantabria/DAM-1/PROGRAMACION/EVALUACION-2/TEMA-4/Tarea4/Tarea4/src/Tarea4/Director.java</file>
            <file>file:/C:/OneDrive%20-%20Educantabria/DAM-1/PROGRAMACION/EVALUACION-2/TEMA-4/Tarea4/Tarea4/src/Tarea4/Persona.java</file>
        </group>
    </open-files>
</project-private>
